Bit Width:, Partial Mul Starts at:, Fixed Shift Start Value:, Threshold:, Coeff 0, Coeff 1, Coeff 2, Coeff 3, Coeff 4, Coeff 5, Coeff 6, Coeff 7, Order 0, Order 1, Order 2, Order 3, Order 4, Order 5, Order 6, Order 7, MRE 0, MRE 1, MRE 2, MRE 3, MRE 4, MRE 5, MRE 6, MRE 7, 
8, 4, 0.250000, 0.875000, 1.000000, 1.000000, 0.500000, 0.250000, -0.125000, 0.062500, 0.031250, 0.015625, 0.000000, 1.000000, 2.000000, 3.000000, 4.000000, 4.000000, 4.000000, 4.000000, 100000000000000.000000, 0.152136, 0.039515, 0.004821, 0.013200, 0.006619, 0.004389, 0.004165, 
12, 4, 0.125000, 0.375000, 1.000000, 1.000000, 0.500000, 0.125000, -0.062500, 0.031250, -0.015625, 0.007812, 0.000000, 1.000000, 2.000000, 3.000000, 4.000000, 4.000000, 4.000000, 4.000000, 100000000000000.000000, 0.046070, 0.004215, 0.000700, 0.000575, 0.000513, 0.000507, 0.000500, 
16, 4, 0.125000, 0.375000, 1.000000, 1.000000, 0.500000, 0.125000, -0.062500, 0.000000, 0.000000, 0.000000, 0.000000, 1.000000, 2.000000, 3.000000, 4.000000, 4.000000, 4.000000, 4.000000, 100000000000000.000000, 0.045087, 0.004947, 0.000872, 0.000252, 0.000252, 0.000252, 0.000252, 
