Bit Width:, Partial Mul Starts at:, Fixed Shift Start Value:, Threshold:, Coeff 0, Coeff 1, Coeff 2, Coeff 3, Coeff 4, Coeff 5, Coeff 6, Coeff 7, Order 0, Order 1, Order 2, Order 3, Order 4, Order 5, Order 6, Order 7, MRE 0, MRE 1, MRE 2, MRE 3, MRE 4, MRE 5, MRE 6, MRE 7, 
8,4,0.25,0.875,1,1,0.5,0.25,-0.125,0.0625,0.03125,0,0,1,2,3,4,4,4,4,1E+14,0.074111,0.016651,0.003673,0.004855,0.002646,0.002219,0.002219, 
12,5,0.125,0.25,1,1,0.5,0.125,-0.0625,-0.03125,-0.015625,-0.007812,0,1,2,3,4,5,5,5,1E+14,0.106227,0.020842,0.002802,0.003014,0.001446,0.000742,0.000456, 
16,4,0.125,0.75,1,1,0.5,0.125,0.0625,0.03125,0.015625,0,0,1,2,3,4,4,4,4,1E+14,0.051964,0.008693,0.003083,0.001504,0.000715,0.000368,0.000368, 