Bit Width:, Partial Mul Starts at:, Fixed Shift Start Value:, Threshold:, Coeff 0, Coeff 1, Coeff 2, Coeff 3, Coeff 4, Coeff 5, Coeff 6, Coeff 7, Order 0, Order 1, Order 2, Order 3, Order 4, Order 5, Order 6, Order 7, MRE 0, MRE 1, MRE 2, MRE 3, MRE 4, MRE 5, MRE 6, MRE 7, 
8,4,0.25,0.875,1,1,0.5,0.25,-0.125,0.0625,0.03125,0,0,1,2,3,4,4,4,4,1E+14,0.074496,0.017056,0.004078,0.00526,0.003051,0.002624,0.002624, 
12,5,0.125,0.25,1,1,0.5,0.125,-0.0625,-0.03125,-0.015625,-0.007812,0,1,2,3,4,5,5,5,1E+14,0.106428,0.020694,0.002678,0.003117,0.001524,0.000793,0.000478, 
16,4,0.125,0.75,1,1,0.5,0.125,0.0625,0.03125,0.015625,0,0,1,2,3,4,4,4,4,1E+14,0.051968,0.008691,0.003081,0.001502,0.000714,0.000366,0.000366, 