Bit Width:, Partial Mul Starts at:, Fixed Shift Start Value:, Threshold:, Coeff 0, Coeff 1, Coeff 2, Coeff 3, Coeff 4, Coeff 5, Coeff 6, Coeff 7, Order 0, Order 1, Order 2, Order 3, Order 4, Order 5, Order 6, Order 7, MRE 0, MRE 1, MRE 2, MRE 3, MRE 4, MRE 5, MRE 6, MRE 7, 
8,4,0.25,0.875,1,1,0.5,0.25,-0.125,0.0625,0.03125,0,0,1,2,3,4,4,4,4,1E+14,0.14902,0.036343,0.006162,0.009827,0.003424,0.002176,0.002176, 
12,5,0.125,0.125,1,1,0.5,0.125,-0.0625,-0.03125,-0.015625,0,0,1,2,3,4,5,5,5,1E+14,0.04562,0.004532,0.000698,0.000273,0.000244,0.000239,0.000239, 
16,4,0.125,0.375,1,1,0.5,0.125,-0.0625,0,0,0,0,1,2,3,4,4,4,4,1E+14,0.045058,0.004975,0.000899,0.000274,0.000274,0.000274,0.000274, 